"Post code","Prefecture name","City name","Ward name","Town name"
6580000,Hyogo,Kobe,Higashinadaku,Ikanikeisaiganaibaai
6580083,Hyogo,Kobe,Higashinadaku,Uozakinakamachi
6580026,Hyogo,Kobe,Higashinadaku,Uozakinishimachi
6580025,Hyogo,Kobe,Higashinadaku,Uozakiminamimachi
6580082,Hyogo,Kobe,Higashinadaku,Uozakikitamachi
6580024,Hyogo,Kobe,Higashinadaku,Uozakihamamachi
6580066,Hyogo,Kobe,Higashinadaku,Uzumoridai
6580027,Hyogo,Kobe,Higashinadaku,Ogi
6580072,Hyogo,Kobe,Higashinadaku,Okamoto
6580064,Hyogo,Kobe,Higashinadaku,Kamokogahara
6580014,Hyogo,Kobe,Higashinadaku,Kitaogi
6580002,Hyogo,Kobe,Higashinadaku,Konandai
6580084,Hyogo,Kobe,Higashinadaku,Konancho
6580032,Hyogo,Kobe,Higashinadaku,Koyochonaka
6580031,Hyogo,Kobe,Higashinadaku,Koyochohigashi
6580033,Hyogo,Kobe,Higashinadaku,Koyochonishi
6580062,Hyogo,Kobe,Higashinadaku,Sumiyoshidai
6580042,Hyogo,Kobe,Higashinadaku,Sumiyoshihamamachi
6580051,Hyogo,Kobe,Higashinadaku,Sumiyoshihommachi
6580052,Hyogo,Kobe,Higashinadaku,Sumiyoshihigashimachi
6580041,Hyogo,Kobe,Higashinadaku,Sumiyoshiminamimachi
6580053,Hyogo,Kobe,Higashinadaku,Sumiyoshimiyamachi
6580063,Hyogo,Kobe,Higashinadaku,Sumiyoshiyamate
6580081,Hyogo,Kobe,Higashinadaku,Tanakacho
6580073,Hyogo,Kobe,Higashinadaku,Nishiokamoto
6580023,Hyogo,Kobe,Higashinadaku,Fukaehamamachi
6580021,Hyogo,Kobe,Higashinadaku,Fukaehommachi
6580022,Hyogo,Kobe,Higashinadaku,Fukaeminamimachi
6580013,Hyogo,Kobe,Higashinadaku,Fukaekitamachi
6580012,Hyogo,Kobe,Higashinadaku,Honjocho
6580047,Hyogo,Kobe,Higashinadaku,Mikage
6580045,Hyogo,Kobe,Higashinadaku,Mikageishimachi
6580048,Hyogo,Kobe,Higashinadaku,Mikagegunge
6580044,Hyogo,Kobe,Higashinadaku,Mikagetsukamachi
6580054,Hyogo,Kobe,Higashinadaku,Mikagenakamachi
6580043,Hyogo,Kobe,Higashinadaku,Mikagehamamachi
6580046,Hyogo,Kobe,Higashinadaku,Mikagehommachi
6580065,Hyogo,Kobe,Higashinadaku,Mikageyamate
6580003,Hyogo,Kobe,Higashinadaku,Motoyamakitamachi
6580071,Hyogo,Kobe,Higashinadaku,Motoyamacho Okamoto
6580005,Hyogo,Kobe,Higashinadaku,Motoyamacho Kitahata
6580061,Hyogo,Kobe,Higashinadaku,Motoyamacho Tanaka
6580004,Hyogo,Kobe,Higashinadaku,Motoyamacho Tanabe
6570111,Hyogo,Kobe,Higashinadaku,Motoyamachomori(748-1-Banchi)
6580016,Hyogo,Kobe,Higashinadaku,Motoyamanakamachi
6580015,Hyogo,Kobe,Higashinadaku,Motoyamaminamimachi
6580001,Hyogo,Kobe,Higashinadaku,Morikitamachi
6580011,Hyogo,Kobe,Higashinadaku,Moriminamimachi
6570000,Hyogo,Kobe,Nadaku,Ikanikeisaiganaibaai
6570805,Hyogo,Kobe,Nadaku,Aotanicho
6570821,Hyogo,Kobe,Nadaku,Akasakadori
6570061,Hyogo,Kobe,Nadaku,Akamatsucho
6570823,Hyogo,Kobe,Nadaku,Amagidori
6570834,Hyogo,Kobe,Nadaku,Izumidori
6570012,Hyogo,Kobe,Nadaku,Ichinosancho
6570803,Hyogo,Kobe,Nadaku,Iwaya
6570846,Hyogo,Kobe,Nadaku,Iwayakitamachi
6570845,Hyogo,Kobe,Nadaku,Iwayanakamachi
6570856,Hyogo,Kobe,Nadaku,Iwayaminamimachi
6570103,Hyogo,Kobe,Nadaku,Ueno(Koyabasannoyasumigahara)
6570817,Hyogo,Kobe,Nadaku,Uenodori
6570042,Hyogo,Kobe,Nadaku,Eboshicho
6570838,Hyogo,Kobe,Nadaku,Ojicho
6570843,Hyogo,Kobe,Nadaku,Oishikitamachi
6570043,Hyogo,Kobe,Nadaku,Oishihigashimachi
6570852,Hyogo,Kobe,Nadaku,Oishiminamimachi
6570833,Hyogo,Kobe,Nadaku,Ouchidori
6570017,Hyogo,Kobe,Nadaku,Otsukidai
6570014,Hyogo,Kobe,Nadaku,Odogahiracho
6570055,Hyogo,Kobe,Nadaku,Kamigawaradori
6570057,Hyogo,Kobe,Nadaku,Kaminokidori
6570052,Hyogo,Kobe,Nadaku,Kamimaecho
6570832,Hyogo,Kobe,Nadaku,Kishichidori
6570034,Hyogo,Kobe,Nadaku,Kidacho
6570024,Hyogo,Kobe,Nadaku,Kusugaokacho
6570816,Hyogo,Kobe,Nadaku,Kunitamadori
6570826,Hyogo,Kobe,Nadaku,Kuraishidori
6570025,Hyogo,Kobe,Nadaku,Kotokucho
6570801,Hyogo,Kobe,Nadaku,Gomo
6570814,Hyogo,Kobe,Nadaku,Gomodori
6570021,Hyogo,Kobe,Nadaku,Sakuragaokacho
6570036,Hyogo,Kobe,Nadaku,Sakuraguchicho
6570044,Hyogo,Kobe,Nadaku,Shikanoshitadori
6570015,Hyogo,Kobe,Nadaku,Shinohara Obanoyamacho
6570068,Hyogo,Kobe,Nadaku,Shinohara Kitamachi
6570016,Hyogo,Kobe,Nadaku,Shinohara Dai
6570066,Hyogo,Kobe,Nadaku,Shinohara Nakamachi
6570067,Hyogo,Kobe,Nadaku,Shinohara Hommachi
6570059,Hyogo,Kobe,Nadaku,Shinohara Minamimachi
6570002,Hyogo,Kobe,Nadaku,Shinohara(Sonota)
6570045,Hyogo,Kobe,Nadaku,Shimogawaradori
6570058,Hyogo,Kobe,Nadaku,Shogundori
6570836,Hyogo,Kobe,Nadaku,Shironochidori
6570804,Hyogo,Kobe,Nadaku,Shironoshitadori
6570864,Hyogo,Kobe,Nadaku,Shinzaikeminamimachi
6570861,Hyogo,Kobe,Nadaku,Shinzaikekitamachi
6570018,Hyogo,Kobe,Nadaku,Suishashinden
6570831,Hyogo,Kobe,Nadaku,Suidosuji
6570056,Hyogo,Kobe,Nadaku,Sentandori
6570063,Hyogo,Kobe,Nadaku,Sowacho
6570813,Hyogo,Kobe,Nadaku,Takaodori
6570001,Hyogo,Kobe,Nadaku,Takaha
6570023,Hyogo,Kobe,Nadaku,Takahacho
6570022,Hyogo,Kobe,Nadaku,Tsuchiyamacho
6570011,Hyogo,Kobe,Nadaku,Tsurukabuto
6570062,Hyogo,Kobe,Nadaku,Teraguchicho
6570033,Hyogo,Kobe,Nadaku,Tokuicho
6570035,Hyogo,Kobe,Nadaku,Tomodacho
6570032,Hyogo,Kobe,Nadaku,Nakagocho
6570825,Hyogo,Kobe,Nadaku,Nakaharadori
6570027,Hyogo,Kobe,Nadaku,Nagatecho
6570811,Hyogo,Kobe,Nadaku,Nagaminedai
6570835,Hyogo,Kobe,Nadaku,Nadakitadori
6570853,Hyogo,Kobe,Nadaku,Nadahamacho
6570863,Hyogo,Kobe,Nadaku,Nadahamahigashicho
6570841,Hyogo,Kobe,Nadaku,Nadaminamidori
6570102,Hyogo,Kobe,Nadaku,Hatahara(Notayama)
6570822,Hyogo,Kobe,Nadaku,Hataharadori
6570862,Hyogo,Kobe,Nadaku,Hamadacho
6570802,Hyogo,Kobe,Nadaku,Harada
6570837,Hyogo,Kobe,Nadaku,Haradadori
6570054,Hyogo,Kobe,Nadaku,Hieharacho
6570029,Hyogo,Kobe,Nadaku,Hiocho
6570041,Hyogo,Kobe,Nadaku,Biwacho
6570037,Hyogo,Kobe,Nadaku,Bingocho
6570038,Hyogo,Kobe,Nadaku,Fukadacho
6570824,Hyogo,Kobe,Nadaku,Fukuzumidori
6570842,Hyogo,Kobe,Nadaku,Funaderadori
6570855,Hyogo,Kobe,Nadaku,Mayakaigandori
6570104,Hyogo,Kobe,Nadaku,Mayasan
6570105,Hyogo,Kobe,Nadaku,Mayasancho
6570854,Hyogo,Kobe,Nadaku,Mayafuto
6570851,Hyogo,Kobe,Nadaku,Midorocho
6570812,Hyogo,Kobe,Nadaku,Minokadori
6570844,Hyogo,Kobe,Nadaku,Miyakodori
6570065,Hyogo,Kobe,Nadaku,Miyayamacho
6570028,Hyogo,Kobe,Nadaku,Morigocho
6570815,Hyogo,Kobe,Nadaku,Yakushidori
6570051,Hyogo,Kobe,Nadaku,Yahatacho
6570064,Hyogo,Kobe,Nadaku,Yamadacho
6570031,Hyogo,Kobe,Nadaku,Yamatocho
6570026,Hyogo,Kobe,Nadaku,Yuminokicho
6570101,Hyogo,Kobe,Nadaku,Rokkosancho
6570013,Hyogo,Kobe,Nadaku,Rokkodaicho
6570053,Hyogo,Kobe,Nadaku,Rokkocho
6520000,Hyogo,Kobe,Hyogoku,Ikanikeisaiganaibaai
6520882,Hyogo,Kobe,Hyogoku,Ashiharadori
6520032,Hyogo,Kobe,Hyogoku,Aratacho
6520061,Hyogo,Kobe,Hyogoku,Ishiicho
6520842,Hyogo,Kobe,Hyogoku,Isonocho
6520853,Hyogo,Kobe,Hyogoku,Imadezaikecho
6520894,Hyogo,Kobe,Hyogoku,Iriedori
6520003,Hyogo,Kobe,Hyogoku,Umemotocho
6520816,Hyogo,Kobe,Hyogoku,Eizawacho
6520898,Hyogo,Kobe,Hyogoku,Ekimaedori
6520897,Hyogo,Kobe,Hyogoku,Ekiminamidori
6520043,Hyogo,Kobe,Hyogoku,Egeyamacho
6520044,Hyogo,Kobe,Hyogoku,Oidori
6520895,Hyogo,Kobe,Hyogoku,Ogawadori
6520864,Hyogo,Kobe,Hyogoku,Kasamatsudori
6520832,Hyogo,Kobe,Hyogoku,Kajiyacho
6520008,Hyogo,Kobe,Hyogoku,Kamigioncho
6520046,Hyogo,Kobe,Hyogoku,Kamisawadori
6520013,Hyogo,Kobe,Hyogoku,Kamisanjocho
6520862,Hyogo,Kobe,Hyogoku,Kamishodori
6520001,Hyogo,Kobe,Hyogoku,Karasuharacho
6520006,Hyogo,Kobe,Hyogoku,Kandacho
6520058,Hyogo,Kobe,Hyogoku,Kikusuicho
6520837,Hyogo,Kobe,Hyogoku,Kitasakasegawacho
6520053,Hyogo,Kobe,Hyogoku,Kitayamacho
6520847,Hyogo,Kobe,Hyogoku,Kiretocho
6520873,Hyogo,Kobe,Hyogoku,Kimpeicho
6520004,Hyogo,Kobe,Hyogoku,Kusudanicho
6520064,Hyogo,Kobe,Hyogoku,Kumanocho
6520885,Hyogo,Kobe,Hyogoku,Goshodori
6520007,Hyogo,Kobe,Hyogoku,Gonomiyacho
6520865,Hyogo,Kobe,Hyogoku,Komatsudori
6520055,Hyogo,Kobe,Hyogoku,Koyamacho
6520851,Hyogo,Kobe,Hyogoku,Zaimokucho
6520051,Hyogo,Kobe,Hyogoku,Satoyamacho
6520821,Hyogo,Kobe,Hyogoku,Sabiecho
6520011,Hyogo,Kobe,Hyogoku,Sannocho
6520831,Hyogo,Kobe,Hyogoku,Shichinomiyacho
6520833,Hyogo,Kobe,Hyogoku,Shimagamicho
6520065,Hyogo,Kobe,Hyogoku,Shimizucho
6520015,Hyogo,Kobe,Hyogoku,Shimogioncho
6520047,Hyogo,Kobe,Hyogoku,Shimosawadori
6520014,Hyogo,Kobe,Hyogoku,Shimosanjocho
6520811,Hyogo,Kobe,Hyogoku,Shinkaichi
6520836,Hyogo,Kobe,Hyogoku,Shimmeicho
6520896,Hyogo,Kobe,Hyogoku,Susanodori
6520062,Hyogo,Kobe,Hyogoku,Daidocho
6520874,Hyogo,Kobe,Hyogoku,Takamatsucho
6520056,Hyogo,Kobe,Hyogoku,Takiyamacho
6520803,Hyogo,Kobe,Hyogoku,Daikaidori
6520022,Hyogo,Kobe,Hyogoku,Chidoricho
6520804,Hyogo,Kobe,Hyogoku,Tsukamotodori
6520845,Hyogo,Kobe,Hyogoku,Tsukijicho
6520023,Hyogo,Kobe,Hyogoku,Tsuyunocho
6520846,Hyogo,Kobe,Hyogoku,Dezaikecho
6520021,Hyogo,Kobe,Hyogoku,Tennocho
6520866,Hyogo,Kobe,Hyogoku,Toyahamacho
6520844,Hyogo,Kobe,Hyogoku,Nakanoshima
6520801,Hyogo,Kobe,Hyogoku,Nakamichidori
6520033,Hyogo,Kobe,Hyogoku,Nishikamitachibanadori
6520034,Hyogo,Kobe,Hyogoku,Nishitachibanadori
6520035,Hyogo,Kobe,Hyogoku,Nishitamondori
6520822,Hyogo,Kobe,Hyogoku,Nishidemachi
6520835,Hyogo,Kobe,Hyogoku,Nishinakamachi
6520891,Hyogo,Kobe,Hyogoku,Nishimiyauchicho
6520806,Hyogo,Kobe,Hyogoku,Nishiyanagiwaracho
6520805,Hyogo,Kobe,Hyogoku,Hasakadori
6520016,Hyogo,Kobe,Hyogoku,Babacho
6520807,Hyogo,Kobe,Hyogoku,Hamasakidori
6520875,Hyogo,Kobe,Hyogoku,Hamanakacho
6520871,Hyogo,Kobe,Hyogoku,Hamayamadori
6520823,Hyogo,Kobe,Hyogoku,Higashidemachi
6520892,Hyogo,Kobe,Hyogoku,Higashiyanagiwaracho
6520042,Hyogo,Kobe,Hyogoku,Higashiyamacho
6520054,Hyogo,Kobe,Hyogoku,Himurocho
6520813,Hyogo,Kobe,Hyogoku,Hyogocho
6520052,Hyogo,Kobe,Hyogoku,Hiyodorigoesuji
6520057,Hyogo,Kobe,Hyogoku,Hiyodorigoecho
6520002,Hyogo,Kobe,Hyogoku,Hiranocho
6520036,Hyogo,Kobe,Hyogoku,Fukuwaracho
6520843,Hyogo,Kobe,Hyogoku,Funadaikucho
6520834,Hyogo,Kobe,Hyogoku,Hommachi
6520881,Hyogo,Kobe,Hyogoku,Matsubaradori
6520045,Hyogo,Kobe,Hyogoku,Matsumotodori
6520815,Hyogo,Kobe,Hyogoku,Mikawaguchicho
6520855,Hyogo,Kobe,Hyogoku,Misakicho
6520852,Hyogo,Kobe,Hyogoku,Misakihommachi
6520802,Hyogo,Kobe,Hyogoku,Mizukidori
6520861,Hyogo,Kobe,Hyogoku,Mitsuishidori
6520041,Hyogo,Kobe,Hyogoku,Minatogawacho
6520812,Hyogo,Kobe,Hyogoku,Minatocho
6520012,Hyogo,Kobe,Hyogoku,Minatoyamacho
6520893,Hyogo,Kobe,Hyogoku,Minamisakasegawacho
6520841,Hyogo,Kobe,Hyogoku,Minaminakamachi
6520883,Hyogo,Kobe,Hyogoku,Meiwadori
6520814,Hyogo,Kobe,Hyogoku,Monguchicho
6520005,Hyogo,Kobe,Hyogoku,Yabecho
6520031,Hyogo,Kobe,Hyogoku,Yukinogoshocho
6520063,Hyogo,Kobe,Hyogoku,Yumenocho
6520872,Hyogo,Kobe,Hyogoku,Yoshidacho
6520854,Hyogo,Kobe,Hyogoku,Wadasakicho
6520863,Hyogo,Kobe,Hyogoku,Wadamiyadori
6520884,Hyogo,Kobe,Hyogoku,Wadayamadori
6530000,Hyogo,Kobe,Nagataku,Ikanikeisaiganaibaai
6530824,Hyogo,Kobe,Nagataku,Ikeda Uemachi
6530823,Hyogo,Kobe,Nagataku,Ikeda Kyomachi
6530826,Hyogo,Kobe,Nagataku,Ikeda Shiomachi
6530825,Hyogo,Kobe,Nagataku,Ikeda Shimmachi
6530864,Hyogo,Kobe,Nagataku,Ikeda Somachi
6530822,Hyogo,Kobe,Nagataku,Ikeda Teramachi
6530814,Hyogo,Kobe,Nagataku,Ikeda Hiromachi
6530865,Hyogo,Kobe,Nagataku,Ikeda Miyamachi
6530821,Hyogo,Kobe,Nagataku,Ikeda Tanimachi
6530013,Hyogo,Kobe,Nagataku,Ichibancho
6530878,Hyogo,Kobe,Nagataku,Ichiriyamacho
6530871,Hyogo,Kobe,Nagataku,Uguisucho
6530036,Hyogo,Kobe,Nagataku,Udezukacho
6530021,Hyogo,Kobe,Nagataku,Umegakacho
6530838,Hyogo,Kobe,Nagataku,Otanicho
6530811,Hyogo,Kobe,Nagataku,Otsukacho
6530037,Hyogo,Kobe,Nagataku,Ohashicho
6530833,Hyogo,Kobe,Nagataku,Omichidori
6530802,Hyogo,Kobe,Nagataku,Omoikecho
6530843,Hyogo,Kobe,Nagataku,Oyashikidori
6530052,Hyogo,Kobe,Nagataku,Kaiuncho
6530836,Hyogo,Kobe,Nagataku,Kaguracho
6530805,Hyogo,Kobe,Nagataku,Katayamacho
6530827,Hyogo,Kobe,Nagataku,Kamiikeda
6530033,Hyogo,Kobe,Nagataku,Karumojimacho
6530032,Hyogo,Kobe,Nagataku,Karumodori
6530834,Hyogo,Kobe,Nagataku,Kawanishidori
6530016,Hyogo,Kobe,Nagataku,Kitamachi
6530041,Hyogo,Kobe,Nagataku,Kubocho
6530888,Hyogo,Kobe,Nagataku,Gempeicho
6530851,Hyogo,Kobe,Nagataku,Goinoikecho
6530867,Hyogo,Kobe,Nagataku,Kotocho
6530003,Hyogo,Kobe,Nagataku,Gobancho
6530034,Hyogo,Kobe,Nagataku,Komaecho
6530043,Hyogo,Kobe,Nagataku,Komagabayashicho
6530045,Hyogo,Kobe,Nagataku,Komagabayashiminamicho
6530011,Hyogo,Kobe,Nagataku,Sambancho
6530877,Hyogo,Kobe,Nagataku,Shikamatsucho
6530035,Hyogo,Kobe,Nagataku,Shodacho
6530853,Hyogo,Kobe,Nagataku,Shoyamacho
6530015,Hyogo,Kobe,Nagataku,Sugaharadori
6530806,Hyogo,Kobe,Nagataku,Daimarucho
6530856,Hyogo,Kobe,Nagataku,Takatorisancho
6530881,Hyogo,Kobe,Nagataku,Takitanicho
6530872,Hyogo,Kobe,Nagataku,Dainichigaokacho
6530866,Hyogo,Kobe,Nagataku,Chojamachi
6530804,Hyogo,Kobe,Nagataku,Teraikecho
6530845,Hyogo,Kobe,Nagataku,Tozakidori
6530855,Hyogo,Kobe,Nagataku,Nagaocho
6530812,Hyogo,Kobe,Nagataku,Nagatacho
6530882,Hyogo,Kobe,Nagataku,Nagatatenjincho
6530054,Hyogo,Kobe,Nagataku,Nagaracho
6530883,Hyogo,Kobe,Nagataku,Naguracho
6530001,Hyogo,Kobe,Nagataku,Nanabancho
6530055,Hyogo,Kobe,Nagataku,Namimatsucho
6530031,Hyogo,Kobe,Nagataku,Nishishiriikecho
6530844,Hyogo,Kobe,Nagataku,Nishidaidori
6530874,Hyogo,Kobe,Nagataku,Nishimaruyamacho
6530862,Hyogo,Kobe,Nagataku,Nishiyamacho
6530012,Hyogo,Kobe,Nagataku,Nibancho
6530051,Hyogo,Kobe,Nagataku,Nodacho
6530873,Hyogo,Kobe,Nagataku,Haginocho
6530837,Hyogo,Kobe,Nagataku,Hasuikecho
6530831,Hyogo,Kobe,Nagataku,Hasumiyadori
6530876,Hyogo,Kobe,Nagataku,Hanayamacho
6530024,Hyogo,Kobe,Nagataku,Hamazoedori
6530861,Hyogo,Kobe,Nagataku,Hayashiyamacho
6530887,Hyogo,Kobe,Nagataku,Hikawacho
6530023,Hyogo,Kobe,Nagataku,Higashishiriikeshincho
6530022,Hyogo,Kobe,Nagataku,Higashishiriikecho
6530886,Hyogo,Kobe,Nagataku,Higashimaruyamacho
6530879,Hyogo,Kobe,Nagataku,Hibarigaoka
6530039,Hyogo,Kobe,Nagataku,Hiyoshicho
6530042,Hyogo,Kobe,Nagataku,Futabacho
6530854,Hyogo,Kobe,Nagataku,Heiwadaicho
6530801,Hyogo,Kobe,Nagataku,Boojicho
6530835,Hyogo,Kobe,Nagataku,Hosodacho
6530885,Hyogo,Kobe,Nagataku,Horikiricho
6530053,Hyogo,Kobe,Nagataku,Honjocho
6530803,Hyogo,Kobe,Nagataku,Maebaracho
6530841,Hyogo,Kobe,Nagataku,Matsunodori
6530025,Hyogo,Kobe,Nagataku,Manocho
6530875,Hyogo,Kobe,Nagataku,Maruyamacho
6530014,Hyogo,Kobe,Nagataku,Mikuradori
6530842,Hyogo,Kobe,Nagataku,Mizukasadori
6530044,Hyogo,Kobe,Nagataku,Minamikomaecho
6530832,Hyogo,Kobe,Nagataku,Mifunedori
6530863,Hyogo,Kobe,Nagataku,Miyaokacho
6530813,Hyogo,Kobe,Nagataku,Miyagawacho
6530884,Hyogo,Kobe,Nagataku,Myosenjicho
6530852,Hyogo,Kobe,Nagataku,Yamashitacho
6530004,Hyogo,Kobe,Nagataku,Yombancho
6530002,Hyogo,Kobe,Nagataku,Rokubancho
6530038,Hyogo,Kobe,Nagataku,Wakamatsucho
6540000,Hyogo,Kobe,Sumaku,Ikanikeisaiganaibaai
6540038,Hyogo,Kobe,Sumaku,Aobacho
6540047,Hyogo,Kobe,Sumaku,Isonarecho
6540009,Hyogo,Kobe,Sumaku,Itayadocho
6540076,Hyogo,Kobe,Sumaku,Ichinotanicho
6540044,Hyogo,Kobe,Sumaku,Inabacho
6540004,Hyogo,Kobe,Sumaku,Eirakucho
6540023,Hyogo,Kobe,Sumaku,Ebisucho
6540026,Hyogo,Kobe,Sumaku,Oikecho
6540024,Hyogo,Kobe,Sumaku,Otacho
6540017,Hyogo,Kobe,Sumaku,Ote
6540013,Hyogo,Kobe,Sumaku,Otecho
6540015,Hyogo,Kobe,Sumaku,Okuyamahatacho
6540162,Hyogo,Kobe,Sumaku,Kaminotani
6540016,Hyogo,Kobe,Sumaku,Kamihosozawacho
6540005,Hyogo,Kobe,Sumaku,Kawakamicho
6540008,Hyogo,Kobe,Sumaku,Kikuikecho
6540151,Hyogo,Kobe,Sumaku,Kitaochiai
6540064,Hyogo,Kobe,Sumaku,Kitamachi
6540048,Hyogo,Kobe,Sumaku,Kinugakecho
6540111,Hyogo,Kobe,Sumaku,Kuruma
6540042,Hyogo,Kobe,Sumaku,Koderacho
6540031,Hyogo,Kobe,Sumaku,Gongencho
6540066,Hyogo,Kobe,Sumaku,Sakuragicho
6540114,Hyogo,Kobe,Sumaku,Sakuranomori
6540075,Hyogo,Kobe,Sumaku,Shiomidaicho
6540123,Hyogo,Kobe,Sumaku,Shimizudai
6540101,Hyogo,Kobe,Sumaku,Shirakawa
6540103,Hyogo,Kobe,Sumaku,Shirakawadai
6540003,Hyogo,Kobe,Sumaku,Jimbucho
6540143,Hyogo,Kobe,Sumaku,Suganodai
6540055,Hyogo,Kobe,Sumaku,Sumauradori
6540071,Hyogo,Kobe,Sumaku,Sumaderacho
6540054,Hyogo,Kobe,Sumaku,Sumahommachi
6540073,Hyogo,Kobe,Sumaku,Sekimoricho
6540001,Hyogo,Kobe,Sumaku,Zenshojicho
6540043,Hyogo,Kobe,Sumaku,Sotohamacho
6540022,Hyogo,Kobe,Sumaku,Daikokucho
6540133,Hyogo,Kobe,Sumaku,Tainohata
6540134,Hyogo,Kobe,Sumaku,Tainohatahigashimachi
6540132,Hyogo,Kobe,Sumaku,Tainohataminamimachi
6540061,Hyogo,Kobe,Sumaku,Takaodai
6540081,Hyogo,Kobe,Sumaku,Takakuradai
6540074,Hyogo,Kobe,Sumaku,Takakuracho
6540039,Hyogo,Kobe,Sumaku,Takatoricho
6540027,Hyogo,Kobe,Sumaku,Chitosecho
6540072,Hyogo,Kobe,Sumaku,Chimoricho
6540063,Hyogo,Kobe,Sumaku,Tsukimiyamacho
6540051,Hyogo,Kobe,Sumaku,Tsukimiyamahommachi
6540025,Hyogo,Kobe,Sumaku,Teradacho
6540053,Hyogo,Kobe,Sumaku,Tenjincho
6540122,Hyogo,Kobe,Sumaku,Doshodai
6540028,Hyogo,Kobe,Sumaku,Tokiwacho
6540012,Hyogo,Kobe,Sumaku,Tobimatsucho
6540034,Hyogo,Kobe,Sumaku,Tomasacho
6540142,Hyogo,Kobe,Sumaku,Tomogaoka
6540154,Hyogo,Kobe,Sumaku,Nakaochiai
6540035,Hyogo,Kobe,Sumaku,Nakajimacho
6540155,Hyogo,Kobe,Sumaku,Nishiochiai
6540068,Hyogo,Kobe,Sumaku,Nishisuma
6540152,Hyogo,Kobe,Sumaku,Higashiochiai
6540102,Hyogo,Kobe,Sumaku,Higashishirakawadai
6540018,Hyogo,Kobe,Sumaku,Higashisuma
6540033,Hyogo,Kobe,Sumaku,Higashimachi
6540021,Hyogo,Kobe,Sumaku,Hiratacho
6540041,Hyogo,Kobe,Sumaku,Furukawacho
6540007,Hyogo,Kobe,Sumaku,Hodencho
6540032,Hyogo,Kobe,Sumaku,Horiikecho
6540011,Hyogo,Kobe,Sumaku,Maeikecho
6540045,Hyogo,Kobe,Sumaku,Matsukazecho
6540062,Hyogo,Kobe,Sumaku,Mizunocho
6540113,Hyogo,Kobe,Sumaku,Midorigaoka
6540163,Hyogo,Kobe,Sumaku,Midoridai
6540153,Hyogo,Kobe,Sumaku,Minamiochiai
6540036,Hyogo,Kobe,Sumaku,Minamimachi
6540052,Hyogo,Kobe,Sumaku,Miyukicho
6540002,Hyogo,Kobe,Sumaku,Myojincho
6540121,Hyogo,Kobe,Sumaku,Myohoji
6540046,Hyogo,Kobe,Sumaku,Murasamecho
6540161,Hyogo,Kobe,Sumaku,Yasakadai
6540037,Hyogo,Kobe,Sumaku,Yukihiracho
6540006,Hyogo,Kobe,Sumaku,Yorocho
6540131,Hyogo,Kobe,Sumaku,Yoko
6540067,Hyogo,Kobe,Sumaku,Rikyunishicho
6540065,Hyogo,Kobe,Sumaku,Rikyumaemachi
6540141,Hyogo,Kobe,Sumaku,Ryugadai
6540014,Hyogo,Kobe,Sumaku,Wakagicho
6540112,Hyogo,Kobe,Sumaku,Wakakusacho
6540049,Hyogo,Kobe,Sumaku,Wakamiyacho
6550000,Hyogo,Kobe,Tarumiku,Ikanikeisaiganaibaai
6550873,Hyogo,Kobe,Tarumiku,Aoyamadai
6550862,Hyogo,Kobe,Tarumiku,Asatanicho
6550033,Hyogo,Kobe,Tarumiku,Asahigaoka
6550885,Hyogo,Kobe,Tarumiku,Izumigaoka
6550037,Hyogo,Kobe,Tarumiku,Utashikiyama
6550883,Hyogo,Kobe,Tarumiku,Oiden
6550014,Hyogo,Kobe,Tarumiku,Omachi
6550882,Hyogo,Kobe,Tarumiku,Otogi
6550036,Hyogo,Kobe,Tarumiku,Kaigandori
6550039,Hyogo,Kobe,Tarumiku,Kasumigaoka
6550017,Hyogo,Kobe,Tarumiku,Kamitakamaru
6550049,Hyogo,Kobe,Tarumiku,Kariguchidai
6550894,Hyogo,Kobe,Tarumiku,Kawahara
6550027,Hyogo,Kobe,Tarumiku,Kandacho
6550045,Hyogo,Kobe,Tarumiku,Kitamaiko
6550026,Hyogo,Kobe,Tarumiku,Kuganocho
6550012,Hyogo,Kobe,Tarumiku,Koyo
6550008,Hyogo,Kobe,Tarumiku,Kozukadai
6550061,Hyogo,Kobe,Tarumiku,Kozukadaihigashi
6550002,Hyogo,Kobe,Tarumiku,Kozukayama
6550009,Hyogo,Kobe,Tarumiku,Kozukayamate
6550003,Hyogo,Kobe,Tarumiku,Kozukayamahommachi
6550035,Hyogo,Kobe,Tarumiku,Goshikiyama
6550024,Hyogo,Kobe,Tarumiku,Goryocho
6550895,Hyogo,Kobe,Tarumiku,Sakagami
6550005,Hyogo,Kobe,Tarumiku,Shiomigaoka
6550863,Hyogo,Kobe,Tarumiku,Shioyakitamachi
6550864,Hyogo,Kobe,Tarumiku,Shioyadai
6550872,Hyogo,Kobe,Tarumiku,Shioyacho
6550031,Hyogo,Kobe,Tarumiku,Shimizugaoka
6550023,Hyogo,Kobe,Tarumiku,Shimizudori
6550861,Hyogo,Kobe,Tarumiku,Shimohatacho
6550871,Hyogo,Kobe,Tarumiku,Shofudai
6550884,Hyogo,Kobe,Tarumiku,Shirogayama
6550041,Hyogo,Kobe,Tarumiku,Shinryodai
6550851,Hyogo,Kobe,Tarumiku,Shinwadai
6550865,Hyogo,Kobe,Tarumiku,Seigencho
6550038,Hyogo,Kobe,Tarumiku,Seiryodai
6550016,Hyogo,Kobe,Tarumiku,Takamaru
6550007,Hyogo,Kobe,Tarumiku,Tamondai
6550001,Hyogo,Kobe,Tarumiku,Tamoncho
6550011,Hyogo,Kobe,Tarumiku,Chidorigaoka
6550018,Hyogo,Kobe,Tarumiku,Chiyogaoka
6550853,Hyogo,Kobe,Tarumiku,Tsutsujigaoka
6550029,Hyogo,Kobe,Tarumiku,Tennoshitacho
6550034,Hyogo,Kobe,Tarumiku,Nakata
6550896,Hyogo,Kobe,Tarumiku,Nakamichi
6550048,Hyogo,Kobe,Tarumiku,Nishimaiko
6550042,Hyogo,Kobe,Tarumiku,Nishiwaki
6550015,Hyogo,Kobe,Tarumiku,Nodadori
6550021,Hyogo,Kobe,Tarumiku,Babadori
6550886,Hyogo,Kobe,Tarumiku,Higashitarumi
6550881,Hyogo,Kobe,Tarumiku,Higashitarumicho
6550047,Hyogo,Kobe,Tarumiku,Higashimaikocho
6550893,Hyogo,Kobe,Tarumiku,Hyuga
6550892,Hyogo,Kobe,Tarumiku,Hiraiso
6550013,Hyogo,Kobe,Tarumiku,Fukuda
6550032,Hyogo,Kobe,Tarumiku,Hoshigaoka
6550006,Hyogo,Kobe,Tarumiku,Hontamon
6550044,Hyogo,Kobe,Tarumiku,Maikozaka
6550046,Hyogo,Kobe,Tarumiku,Maikodai
6550051,Hyogo,Kobe,Tarumiku,Maitamonnishi
6550052,Hyogo,Kobe,Tarumiku,Maitamonhigashi
6550004,Hyogo,Kobe,Tarumiku,Manabigaoka
6550025,Hyogo,Kobe,Tarumiku,Mizugaoka
6550022,Hyogo,Kobe,Tarumiku,Mizuhodori
6550043,Hyogo,Kobe,Tarumiku,Minamitamondai
6550874,Hyogo,Kobe,Tarumiku,Miyamadai
6550028,Hyogo,Kobe,Tarumiku,Miyamotocho
6550852,Hyogo,Kobe,Tarumiku,Myodanicho
6550854,Hyogo,Kobe,Tarumiku,Momoyamadai
6550891,Hyogo,Kobe,Tarumiku,Yamate
6511100,Hyogo,Kobe,Kitaku,Ikanikeisaiganaibaai
6511231,Hyogo,Kobe,Kitaku,Aobadai
6511516,Hyogo,Kobe,Kitaku,Akamatsudai
6511321,Hyogo,Kobe,Kitaku,Arinodai
6511312,Hyogo,Kobe,Kitaku,Arinocho Arino
6511331,Hyogo,Kobe,Kitaku,Arinocho Karato
6511311,Hyogo,Kobe,Kitaku,Arinocho Niro
6511313,Hyogo,Kobe,Kitaku,Arinonakamachi
6511401,Hyogo,Kobe,Kitaku,Arimacho
6511141,Hyogo,Kobe,Kitaku,Izumidai
6511603,Hyogo,Kobe,Kitaku,Ogocho Ogo
6511604,Hyogo,Kobe,Kitaku,Ogocho Katsuo
6511601,Hyogo,Kobe,Kitaku,Ogocho Kitaso
6511616,Hyogo,Kobe,Kitaku,Ogocho Kitahata
6511614,Hyogo,Kobe,Kitaku,Ogocho Kizu
6511613,Hyogo,Kobe,Kitaku,Ogocho Gyonohara
6511622,Hyogo,Kobe,Kitaku,Ogocho Koda
6511611,Hyogo,Kobe,Kitaku,Ogocho Nakayama
6511623,Hyogo,Kobe,Kitaku,Ogocho Nose
6511615,Hyogo,Kobe,Kitaku,Ogocho Hagiwara
6511612,Hyogo,Kobe,Kitaku,Ogocho Higashibata
6511621,Hyogo,Kobe,Kitaku,Ogocho Mikage
6511602,Hyogo,Kobe,Kitaku,Ogocho Minamiso
6511206,Hyogo,Kobe,Kitaku,Oikemiyamadai
6511521,Hyogo,Kobe,Kitaku,Ozocho Ichihara
6511522,Hyogo,Kobe,Kitaku,Ozocho Kamiozo
6511523,Hyogo,Kobe,Kitaku,Ozocho Kanzuke
6511526,Hyogo,Kobe,Kitaku,Ozocho Sudare
6511524,Hyogo,Kobe,Kitaku,Ozocho Nakaozo
6511525,Hyogo,Kobe,Kitaku,Ozocho Hisaibara
6511222,Hyogo,Kobe,Kitaku,Ohara
6511144,Hyogo,Kobe,Kitaku,Owakidai
6511211,Hyogo,Kobe,Kitaku,Oguradai
6511255,Hyogo,Kobe,Kitaku,Kashiodai
6511223,Hyogo,Kobe,Kitaku,Katsuragi
6511514,Hyogo,Kobe,Kitaku,Kanokodaiminamimachi
6511513,Hyogo,Kobe,Kitaku,Kanokodaikitamachi
6511332,Hyogo,Kobe,Kitaku,Karatodai
6511334,Hyogo,Kobe,Kitaku,Karatorokkodai
6511131,Hyogo,Kobe,Kitaku,Kitagoyo
6511122,Hyogo,Kobe,Kitaku,Kimikagecho
6511304,Hyogo,Kobe,Kitaku,Kyoji
6511142,Hyogo,Kobe,Kitaku,Koeidai
6511515,Hyogo,Kobe,Kitaku,Kozudai
6511203,Hyogo,Kobe,Kitaku,Koyocho
6511213,Hyogo,Kobe,Kitaku,Koryocho
6511214,Hyogo,Kobe,Kitaku,Sakurashimmachi
6511106,Hyogo,Kobe,Kitaku,Shiawasenomura
6511306,Hyogo,Kobe,Kitaku,Shobugaoka
6511146,Hyogo,Kobe,Kitaku,Sugiodai
6511112,Hyogo,Kobe,Kitaku,Suzurandaihigashimachi
6511114,Hyogo,Kobe,Kitaku,Suzurandainishimachi
6511113,Hyogo,Kobe,Kitaku,Suzurandaiminamimachi
6511111,Hyogo,Kobe,Kitaku,Suzurandaikitamachi
6511121,Hyogo,Kobe,Kitaku,Seiwadai
6511145,Hyogo,Kobe,Kitaku,Soyamacho
6511245,Hyogo,Kobe,Kitaku,Tanigamihigashimachi
6511246,Hyogo,Kobe,Kitaku,Tanigaminishimachi
6511244,Hyogo,Kobe,Kitaku,Tanigamiminamimachi
6511212,Hyogo,Kobe,Kitaku,Tsukushigaoka
6511505,Hyogo,Kobe,Kitaku,Dojocho Kusakabe
6511502,Hyogo,Kobe,Kitaku,Dojocho Shiota
6511501,Hyogo,Kobe,Kitaku,Dojocho Dojo
6511504,Hyogo,Kobe,Kitaku,Dojocho Hirata
6691161,Hyogo,Kobe,Kitaku,Dojochoikuno(1172-Banchi)
6511503,Hyogo,Kobe,Kitaku,Dojochoikuno(Sonota)
6511103,Hyogo,Kobe,Kitaku,Nakazatocho
6511511,Hyogo,Kobe,Kitaku,Nagaocho Eibara
6511512,Hyogo,Kobe,Kitaku,Nagaocho Kozu
6511133,Hyogo,Kobe,Kitaku,Naruko
6511201,Hyogo,Kobe,Kitaku,Nishioike
6511305,Hyogo,Kobe,Kitaku,Nishiyama
6511354,Hyogo,Kobe,Kitaku,Hatacho Kamionada
6511352,Hyogo,Kobe,Kitaku,Hatacho Shimonada
6511343,Hyogo,Kobe,Kitaku,Hatacho Tsukumono
6511351,Hyogo,Kobe,Kitaku,Hatacho Naka
6511345,Hyogo,Kobe,Kitaku,Hatacho Nishibata
6511344,Hyogo,Kobe,Kitaku,Hatacho Byobu
6511341,Hyogo,Kobe,Kitaku,Hatacho Fukatani
6511342,Hyogo,Kobe,Kitaku,Hatacho Yanagidani
6511353,Hyogo,Kobe,Kitaku,Hatacho Yoshio
6511205,Hyogo,Kobe,Kitaku,Hanayamadai
6511202,Hyogo,Kobe,Kitaku,Hanayamanakaodai
6511204,Hyogo,Kobe,Kitaku,Hanayamahigashimachi
6511322,Hyogo,Kobe,Kitaku,Higashiarinodai
6511333,Hyogo,Kobe,Kitaku,Higashioike
6511233,Hyogo,Kobe,Kitaku,Hinomine
6511124,Hyogo,Kobe,Kitaku,Hiyodorikitamachi
6511123,Hyogo,Kobe,Kitaku,Hiyodoridai
6511125,Hyogo,Kobe,Kitaku,Hiyodoridaiminamimachi
6511301,Hyogo,Kobe,Kitaku,Fujiwaradaikitamachi
6511302,Hyogo,Kobe,Kitaku,Fujiwaradainakamachi
6511303,Hyogo,Kobe,Kitaku,Fujiwaradaiminamimachi
6511232,Hyogo,Kobe,Kitaku,Matsugaecho
6511147,Hyogo,Kobe,Kitaku,Matsumiyadai
6511221,Hyogo,Kobe,Kitaku,Midorimachi
6511132,Hyogo,Kobe,Kitaku,Minamigoyo
6511104,Hyogo,Kobe,Kitaku,Yamadachoaina
6511105,Hyogo,Kobe,Kitaku,Yamadacho Ogo
6511101,Hyogo,Kobe,Kitaku,Yamadacho Obu
6511241,Hyogo,Kobe,Kitaku,Yamadacho Oike
6511242,Hyogo,Kobe,Kitaku,Yamadacho Kamitanigami
6511261,Hyogo,Kobe,Kitaku,Yamadacho Sakamoto
6511102,Hyogo,Kobe,Kitaku,Yamadachoshimotanigami(Okamidani.Sh
6511102,Hyogo,Kobe,Kitaku,Nagaoyama.Futatabikoen)
6520071,Hyogo,Kobe,Kitaku,Yamadachoshimotanigami(Kikusuiyama.
6520071,Hyogo,Kobe,Kitaku,Nembutsudo.Hiyodorigoe)
6511243,Hyogo,Kobe,Kitaku,Yamadachoshimotanigami(Sonota)
6511264,Hyogo,Kobe,Kitaku,Yamadacho Tsukuhara
6511253,Hyogo,Kobe,Kitaku,Yamadacho Naka
6511263,Hyogo,Kobe,Kitaku,Yamadacho Nishishimo
6511252,Hyogo,Kobe,Kitaku,Yamadacho Harano
6511262,Hyogo,Kobe,Kitaku,Yamadacho Higashishimo
6511254,Hyogo,Kobe,Kitaku,Yamadacho Fukuchi
6511251,Hyogo,Kobe,Kitaku,Yamadacho Yozaemonshinden
6511143,Hyogo,Kobe,Kitaku,Wakabadai
6500000,Hyogo,Kobe,Chuoku,Ikanikeisaiganaibaai
6500025,Hyogo,Kobe,Chuoku,Aioicho
6500037,Hyogo,Kobe,Chuoku,Akashimachi
6510095,Hyogo,Kobe,Chuoku,Asahidori
6510076,Hyogo,Kobe,Chuoku,Azumadori
6510092,Hyogo,Kobe,Chuoku,Ikutacho
6510086,Hyogo,Kobe,Chuoku,Isogamidori
6510084,Hyogo,Kobe,Chuoku,Isobedori
6500032,Hyogo,Kobe,Chuoku,Itomachi
6500033,Hyogo,Kobe,Chuoku,Edomachi
6510088,Hyogo,Kobe,Chuoku,Onoedori
6510082,Hyogo,Kobe,Chuoku,Onohamacho
6500024,Hyogo,Kobe,Chuoku,Kaigandori
6510053,Hyogo,Kobe,Chuoku,Kagoikedori
6500001,Hyogo,Kobe,Chuoku,Kanocho
6510061,Hyogo,Kobe,Chuoku,Kamitsutsuidori
6510067,Hyogo,Kobe,Chuoku,Kamiwakadori
6500012,Hyogo,Kobe,Chuoku,Kitanagasadori
6500002,Hyogo,Kobe,Chuoku,Kitanocho
6510075,Hyogo,Kobe,Chuoku,Kitahommachidori
6500034,Hyogo,Kobe,Chuoku,Kyomachi
6500017,Hyogo,Kobe,Chuoku,Kusunokicho
6510066,Hyogo,Kobe,Chuoku,Kunikadori
6510096,Hyogo,Kobe,Chuoku,Kumoidori
6510056,Hyogo,Kobe,Chuoku,Kumochicho
6510055,Hyogo,Kobe,Chuoku,Kumochibashidori
6500048,Hyogo,Kobe,Chuoku,Kobekuko
6500007,Hyogo,Kobe,Chuoku,Kobekojikata
6510087,Hyogo,Kobe,Chuoku,Gokodori
6510094,Hyogo,Kobe,Chuoku,Kotonocho
6500026,Hyogo,Kobe,Chuoku,Kominatodori
6500023,Hyogo,Kobe,Chuoku,Sakaemachidori
6510062,Hyogo,Kobe,Chuoku,Sakaguchidori
6500021,Hyogo,Kobe,Chuoku,Sannomiyacho
6510079,Hyogo,Kobe,Chuoku,Shinonomedori
6500011,Hyogo,Kobe,Chuoku,Shimoyamatedori
6500041,Hyogo,Kobe,Chuoku,Shinkocho
6510051,Hyogo,Kobe,Chuoku,Shinsenjidori
6500006,Hyogo,Kobe,Chuoku,Suwayamacho
6510064,Hyogo,Kobe,Chuoku,Dainichidori
6500016,Hyogo,Kobe,Chuoku,Tachibanadori
6500015,Hyogo,Kobe,Chuoku,Tamondori
6510071,Hyogo,Kobe,Chuoku,Tsutsuicho
6510057,Hyogo,Kobe,Chuoku,Nakaocho
6510052,Hyogo,Kobe,Chuoku,Nakajimadori
6500027,Hyogo,Kobe,Chuoku,Nakamachidori
6500004,Hyogo,Kobe,Chuoku,Nakayamatedori
6500035,Hyogo,Kobe,Chuoku,Naniwamachi
6500038,Hyogo,Kobe,Chuoku,Nishimachi
6510093,Hyogo,Kobe,Chuoku,Ninomiyacho
6510097,Hyogo,Kobe,Chuoku,Nunobikicho
6510054,Hyogo,Kobe,Chuoku,Nozakidori
6510068,Hyogo,Kobe,Chuoku,Hatatsukadori
6510085,Hyogo,Kobe,Chuoku,Hachimandori
6500042,Hyogo,Kobe,Chuoku,Hatobacho
6500013,Hyogo,Kobe,Chuoku,Hanakumacho
6510083,Hyogo,Kobe,Chuoku,Hamabedori
6500036,Hyogo,Kobe,Chuoku,Harimamachi
6500044,Hyogo,Kobe,Chuoku,Higashikawasakicho
6500031,Hyogo,Kobe,Chuoku,Higashimachi
6510077,Hyogo,Kobe,Chuoku,Higuredori
6510058,Hyogo,Kobe,Chuoku,Fukiaicho
6500005,Hyogo,Kobe,Chuoku,Futatabisujicho
6500043,Hyogo,Kobe,Chuoku,Bentencho
6500039,Hyogo,Kobe,Chuoku,Maemachi
6510081,Hyogo,Kobe,Chuoku,Masagodori
6500045,Hyogo,Kobe,Chuoku,Minatojima
6500046,Hyogo,Kobe,Chuoku,Minatojimanakamachi
6500047,Hyogo,Kobe,Chuoku,Minatojimaminamimachi
6510074,Hyogo,Kobe,Chuoku,Minamihommachidori
6510063,Hyogo,Kobe,Chuoku,Miyamotodori
6500014,Hyogo,Kobe,Chuoku,Motomachikokadori
6500022,Hyogo,Kobe,Chuoku,Motomachidori
6510078,Hyogo,Kobe,Chuoku,Yagumodori
6500003,Hyogo,Kobe,Chuoku,Yamamotodori
6510091,Hyogo,Kobe,Chuoku,Wakanadori
6510073,Hyogo,Kobe,Chuoku,Wakinohamakaigandori
6510072,Hyogo,Kobe,Chuoku,Wakinohamacho
6510065,Hyogo,Kobe,Chuoku,Warizukadori
6500000,Hyogo,Kobe,Nishiku,Ikanikeisaiganaibaai
6512224,Hyogo,Kobe,Nishiku,Akibadai
6512134,Hyogo,Kobe,Nishiku,Akebonocho
6512141,Hyogo,Kobe,Nishiku,Amagaoka
6512113,Hyogo,Kobe,Nishiku,Ikawadanicho Arise
6512106,Hyogo,Kobe,Nishiku,Ikawadanicho Ibuki
6512105,Hyogo,Kobe,Nishiku,Ikawadanicho Kamiwaki
6512107,Hyogo,Kobe,Nishiku,Ikawadanicho Kodera
6512124,Hyogo,Kobe,Nishiku,Ikawadanicho Junna
6512108,Hyogo,Kobe,Nishiku,Ikawadanicho Zenkai
6512104,Hyogo,Kobe,Nishiku,Ikawadanicho Nagasaka
6512101,Hyogo,Kobe,Nishiku,Ikawadanicho Fusehata
6512115,Hyogo,Kobe,Nishiku,Ikawadanicho Befu
6512111,Hyogo,Kobe,Nishiku,Ikegami
6512242,Hyogo,Kobe,Nishiku,Ibukidai Higashimachi
6512243,Hyogo,Kobe,Nishiku,Ibukidai Nishimachi
6512244,Hyogo,Kobe,Nishiku,Ibukidai Kitamachi
6512114,Hyogo,Kobe,Nishiku,Imadera
6512401,Hyogo,Kobe,Nishiku,Iwaokacho Iwaoka
6512402,Hyogo,Kobe,Nishiku,Iwaokacho Inji
6512403,Hyogo,Kobe,Nishiku,Iwaokacho Nishiwaki
6512405,Hyogo,Kobe,Nishiku,Iwaokacho Nonaka
6512404,Hyogo,Kobe,Nishiku,Iwaokacho Furusato
6512133,Hyogo,Kobe,Nishiku,Edayoshi
6512135,Hyogo,Kobe,Nishiku,Otsukadai
6512414,Hyogo,Kobe,Nishiku,Osawa
6512112,Hyogo,Kobe,Nishiku,Otsuwa
6512212,Hyogo,Kobe,Nishiku,Oshibedanicho Oshibe
6512222,Hyogo,Kobe,Nishiku,Oshibedanicho Kizu
6512203,Hyogo,Kobe,Nishiku,Oshibedanicho Kinko
6512223,Hyogo,Kobe,Nishiku,Oshibedanicho Komi
6512221,Hyogo,Kobe,Nishiku,Oshibedanicho Kobata
6512207,Hyogo,Kobe,Nishiku,Oshibedanicho Saita
6512211,Hyogo,Kobe,Nishiku,Oshibedanicho Sakae
6512204,Hyogo,Kobe,Nishiku,Oshibedanicho Takawa
6512202,Hyogo,Kobe,Nishiku,Oshibedanicho Nishimori
6512213,Hyogo,Kobe,Nishiku,Oshibedanicho Fukusumi
6512205,Hyogo,Kobe,Nishiku,Oshibedanicho Yoda
6512206,Hyogo,Kobe,Nishiku,Oshibedanicho Wada
6512103,Hyogo,Kobe,Nishiku,Gakuennishimachi
6512102,Hyogo,Kobe,Nishiku,Gakuenhigashimachi
6512275,Hyogo,Kobe,Nishiku,Kashinodai
6512276,Hyogo,Kobe,Nishiku,Kasugadai
6512411,Hyogo,Kobe,Nishiku,Kamishinchi
6512272,Hyogo,Kobe,Nishiku,Karibadai
6512303,Hyogo,Kobe,Nishiku,Kandecho Ioroi
6512333,Hyogo,Kobe,Nishiku,Kandecho Ikeda
6512302,Hyogo,Kobe,Nishiku,Kandecho Kogami
6512304,Hyogo,Kobe,Nishiku,Kandecho Kosokuno
6512313,Hyogo,Kobe,Nishiku,Kandecho Tai
6512331,Hyogo,Kobe,Nishiku,Kandecho Hirotani
6512321,Hyogo,Kobe,Nishiku,Kandecho Hosei
6512334,Hyogo,Kobe,Nishiku,Kandecho Yuda
6512301,Hyogo,Kobe,Nishiku,Kandecho Yoshinari
6512311,Hyogo,Kobe,Nishiku,Kandecho Higashi
6512312,Hyogo,Kobe,Nishiku,Kandecho Minami
6512332,Hyogo,Kobe,Nishiku,Kandecho Kita
6512117,Hyogo,Kobe,Nishiku,Kitabefu
6512215,Hyogo,Kobe,Nishiku,Kitayamadai
6512273,Hyogo,Kobe,Nishiku,Kojidai
6512144,Hyogo,Kobe,Nishiku,Koyama
6512226,Hyogo,Kobe,Nishiku,Sakuragaoka Nakamachi
6512225,Hyogo,Kobe,Nishiku,Sakuragaoka Higashimachi
6512227,Hyogo,Kobe,Nishiku,Sakuragaoka Nishimachi
6512129,Hyogo,Kobe,Nishiku,Shiramizu
6512109,Hyogo,Kobe,Nishiku,Zenkaiminamimachi
6512201,Hyogo,Kobe,Nishiku,Takaodai
6512271,Hyogo,Kobe,Nishiku,Takatsukadai
6512274,Hyogo,Kobe,Nishiku,Takenodai
6512145,Hyogo,Kobe,Nishiku,Tamatsucho Isumi
6512128,Hyogo,Kobe,Nishiku,Tamatsucho Imazu
6512126,Hyogo,Kobe,Nishiku,Tamatsucho Kamiike
6512122,Hyogo,Kobe,Nishiku,Tamatsucho Kozubashi
6512144,Hyogo,Kobe,Nishiku,Tamatsucho Koyama
6512125,Hyogo,Kobe,Nishiku,Tamatsucho Shimpo
6512147,Hyogo,Kobe,Nishiku,Tamatsucho Tanaka
6512137,Hyogo,Kobe,Nishiku,Tamatsucho Deai
6512127,Hyogo,Kobe,Nishiku,Tamatsucho Nishigawara
6512142,Hyogo,Kobe,Nishiku,Tamatsucho Futatsuya
6512143,Hyogo,Kobe,Nishiku,Tamatsucho Maruzuka
6512121,Hyogo,Kobe,Nishiku,Tamatsucho Mitani
6512138,Hyogo,Kobe,Nishiku,Tamatsucho Yoshida
6512217,Hyogo,Kobe,Nishiku,Tsukigaoka
6512123,Hyogo,Kobe,Nishiku,Tennozan
6512136,Hyogo,Kobe,Nishiku,Nakano
6512148,Hyogo,Kobe,Nishiku,Nagahatacho
6512234,Hyogo,Kobe,Nishiku,Hasetanicho Iketani
6512238,Hyogo,Kobe,Nishiku,Hasetanicho Sugano
6512237,Hyogo,Kobe,Nishiku,Hasetanicho Taniguchi
6512231,Hyogo,Kobe,Nishiku,Hasetanicho Teratani
6512236,Hyogo,Kobe,Nishiku,Hasetanicho Tochinoki
6512232,Hyogo,Kobe,Nishiku,Hasetanicho Tomokiyo
6512235,Hyogo,Kobe,Nishiku,Hasetanicho Hase
6512233,Hyogo,Kobe,Nishiku,Hasetanicho Fukutani
6512239,Hyogo,Kobe,Nishiku,Hasetanicho Matsumoto
6512266,Hyogo,Kobe,Nishiku,Hiranocho Inji
6512256,Hyogo,Kobe,Nishiku,Hiranocho Ono
6512264,Hyogo,Kobe,Nishiku,Hiranocho Ohata
6512261,Hyogo,Kobe,Nishiku,Hiranocho Katada
6512268,Hyogo,Kobe,Nishiku,Hiranocho Kuroda
6512255,Hyogo,Kobe,Nishiku,Hiranocho Keimei
6512262,Hyogo,Kobe,Nishiku,Hiranocho Shigeta
6512254,Hyogo,Kobe,Nishiku,Hiranocho Shibasaki
6512251,Hyogo,Kobe,Nishiku,Hiranocho Shimomura
6512263,Hyogo,Kobe,Nishiku,Hiranocho Tsunemoto
6512257,Hyogo,Kobe,Nishiku,Hiranocho Nakatsu
6512267,Hyogo,Kobe,Nishiku,Hiranocho Nishitoda
6512252,Hyogo,Kobe,Nishiku,Hiranocho Fukunaka
6512265,Hyogo,Kobe,Nishiku,Hiranocho Miyamae
6512253,Hyogo,Kobe,Nishiku,Hiranocho Mukai
6512413,Hyogo,Kobe,Nishiku,Fukuyoshidai
6512214,Hyogo,Kobe,Nishiku,Fujimigaoka
6512142,Hyogo,Kobe,Nishiku,Futatsuya
6512143,Hyogo,Kobe,Nishiku,Maruzuka
6512277,Hyogo,Kobe,Nishiku,Mikatadai
6512121,Hyogo,Kobe,Nishiku,Mitani
6512228,Hyogo,Kobe,Nishiku,Mitsugaoka
6512116,Hyogo,Kobe,Nishiku,Minamibefu
6512216,Hyogo,Kobe,Nishiku,Mihogaoka
6512146,Hyogo,Kobe,Nishiku,Miyashita
6512241,Hyogo,Kobe,Nishiku,Murotani
6512131,Hyogo,Kobe,Nishiku,Mochiko
6512132,Hyogo,Kobe,Nishiku,Moritomo
6512412,Hyogo,Kobe,Nishiku,Ryugaoka
6512120,Hyogo,Kobe,Nishiku,Waidori
